date,close,volume
2024-01-01,335.9,2381
2024-01-02,369.4,2040
2024-01-03,406.3,2558
2024-01-04,446.9,2380
2024-01-07,491.5,2290
2024-01-08,540.6,3122
2024-01-09,594.6,2170
2024-01-10,654.0,2040
2024-01-11,719.4,2180
2024-01-14,791.3,2520
2024-01-16,870.4,2120
2024-01-17,957.4,7631
2024-01-18,902.0,170936
2024-01-21,892.6,47406
2024-01-22,855.0,57058
2024-01-23,875.0,32691
2024-01-24,877.5,25662
2024-01-25,865.0,27013
2024-01-28,860.0,21274
2024-01-29,857.0,15019
2024-01-30,856.0,19619
2024-01-31,836.0,56229
2024-02-01,820.0,19467
2024-02-04,789.0,18624
2024-02-05,767.0,15739
2024-02-06,780.0,13235
2024-02-07,772.8,9480
2024-02-08,777.0,6730
2024-02-11,765.0,11267
2024-02-12,775.0,8881
2024-02-13,750.0,14806
2024-02-14,734.0,7944
2024-02-15,723.4,12099
2024-02-18,699.0,19487
2024-02-20,710.0,14096
2024-02-21,748.7,23600
2024-02-22,765.0,33368
2024-02-25,745.0,26116
2024-02-26,802.0,31862
2024-02-27,800.0,29229
2024-02-28,775.0,13853
2024-02-29,739.9,16256
2024-03-03,730.1,10273
2024-03-04,800.0,640
2024-03-05,755.0,26085
2024-03-06,764.0,19053
2024-03-07,769.0,7574
2024-03-10,774.0,11430
2024-03-12,784.5,17561
2024-03-13,773.0,16308
2024-03-14,770.0,12839
2024-03-17,773.9,8849
2024-03-18,766.5,5544
2024-03-19,765.0,8639
2024-03-20,761.0,16977
2024-03-21,750.0,5967
2024-03-25,750.0,10022
2024-03-26,748.0,5756
2024-03-27,747.9,7374
2024-03-28,736.2,9991
2024-03-31,736.0,6541
2024-04-01,735.0,6128
2024-04-02,730.0,8969
2024-04-03,726.0,9702
2024-04-04,723.0,12066
2024-04-07,745.0,9953
2024-04-09,764.0,37017
2024-04-10,750.0,11010
2024-04-14,745.0,8990
2024-04-15,748.0,9947
2024-04-16,741.0,5582
2024-04-18,724.0,8820
2024-04-21,730.0,4758
2024-04-22,717.0,5194
2024-04-24,717.0,3593
2024-04-25,729.0,4475
2024-04-28,734.0,2819
2024-04-29,728.0,3596
2024-04-30,735.0,8120
2024-05-02,726.9,4902
2024-05-05,710.0,8762
2024-05-06,691.0,7473
2024-05-07,705.0,10423
2024-05-08,707.9,1560
2024-05-09,724.0,11953
2024-05-12,749.0,21415
2024-05-13,740.0,23392
2024-05-14,733.8,14660
2024-05-15,720.1,9011
2024-05-16,735.4,11091
2024-05-19,732.2,8046
2024-05-20,730.0,9103
2024-05-21,733.0,10475
2024-05-22,730.0,7662
2024-05-26,720.0,8980
2024-05-27,792.0,83520
2024-05-29,840.0,89166
2024-05-30,789.9,32061
2024-06-02,820.0,62857
2024-06-03,837.0,51842
2024-06-04,827.8,33909
2024-06-05,817.0,24215
2024-06-06,836.1,32146
2024-06-09,856.9,49169
2024-06-10,838.0,40317
2024-06-11,828.1,23547
2024-06-12,872.0,47288
2024-06-13,900.0,62705
2024-06-16,866.0,29695
2024-06-18,866.0,45589
2024-06-19,869.0,20927
2024-06-20,859.9,19303
2024-06-23,832.0,17684
2024-06-24,844.0,17512
2024-06-25,835.5,17010
2024-06-26,877.0,45896
2024-06-27,855.0,10221
2024-06-30,889.0,70248
2024-07-01,872.0,22649
2024-07-02,893.0,21537
2024-07-03,892.0,38473
2024-07-04,897.0,39218
2024-07-07,898.9,39341
2024-07-08,880.0,25146
2024-07-09,877.0,27619
2024-07-10,880.0,40173
2024-07-11,912.0,41785
2024-07-14,937.0,38136
2024-07-15,898.0,51393
2024-07-16,923.0,27085
2024-07-17,939.9,38971
2024-07-18,926.2,52787
2024-07-21,928.0,47923
2024-07-22,981.0,68451
2024-07-23,1079.1,49983
2024-07-24,1056.0,52931
2024-07-25,1025.0,46352
2024-07-28,1051.0,36767
2024-07-29,1027.0,45425
2024-07-30,1129.7,71369
2024-07-31,1242.6,56106
2024-08-01,1180.0,64637
2024-08-05,1220.0,66946
2024-08-06,1100.0,68331
2024-08-07,1140.0,25459
2024-08-08,1126.0,34845
2024-08-11,1230.0,51666
2024-08-12,1195.0,30081
2024-08-13,1180.0,26685
2024-08-14,1149.0,26781
2024-08-15,1129.0,30227
2024-08-18,1112.0,31858
2024-08-21,1123.0,18041
2024-08-22,1089.9,20820
2024-08-25,1045.0,24842
2024-08-27,1060.0,19767
2024-08-28,1025.0,14573
2024-08-29,1020.1,11120
2024-09-01,990.0,15150
2024-09-02,1024.5,9344
2024-09-03,1017.0,11504
2024-09-04,977.0,9484
2024-09-05,966.0,19183
2024-09-08,989.9,14072
2024-09-09,1065.0,38032
2024-09-10,1025.0,14569
2024-09-11,1029.9,12134
2024-09-12,1054.9,15677
2024-09-15,980.0,19306
2024-09-16,979.0,13049
2024-09-18,960.0,9621
2024-09-22,976.1,3271
2024-09-23,930.0,7580
2024-09-24,899.0,6520
2024-09-25,919.0,7454
2024-09-26,890.0,5876
2024-09-29,870.0,10279
2024-09-30,890.0,9262
2024-10-01,979.0,14103
2024-10-02,1055.0,62053
2024-10-06,1042.0,18418
2024-10-07,1035.0,13369
2024-10-08,1020.0,5866
2024-10-09,1014.9,6937
2024-10-15,1038.0,5224
2024-10-16,1039.0,10861
2024-10-17,1034.0,12128
2024-10-20,1013.9,10901
2024-10-21,975.5,11782
2024-10-22,988.9,12970
2024-10-23,979.0,4728
2024-10-24,970.0,3337
2024-10-27,980.0,3086
2024-10-28,1003.0,3887
2024-10-29,1028.0,8457
2024-10-30,1011.0,4926
2024-11-05,1014.0,3356
2024-11-06,1000.0,2195
2024-11-10,1018.9,8094
2024-11-11,1035.0,14173
2024-11-12,1030.0,9561
2024-11-13,1045.0,7435
2024-11-14,1109.0,35460
2024-11-17,1113.9,15407
2024-11-19,1038.8,16143
2024-11-20,1062.0,11028
2024-11-21,1034.0,10115
2024-11-24,1032.0,4365
2024-11-25,1048.0,7055
2024-11-26,1063.0,9346
2024-11-27,1065.0,9933
2024-11-28,1039.0,7104
2024-12-01,1029.0,4709
2024-12-02,1044.0,5504
2024-12-03,1040.0,6958
2024-12-04,1034.0,9194
2024-12-05,1018.0,9518
2024-12-08,1009.0,8750
2024-12-09,1010.0,5636
2024-12-10,1019.0,4016
2024-12-11,1016.0,2738
2024-12-12,1015.0,7427
2024-12-16,980.0,5761
2024-12-17,972.0,4566
2024-12-18,976.0,4360
2024-12-19,965.0,1549
2024-12-22,954.0,3377
2024-12-23,988.5,3882
2024-12-24,991.0,4024
2024-12-26,975.0,2335
2024-12-29,957.0,5650
2024-12-31,930.0,4562
2025-01-01,926.1,3047
2025-01-02,935.0,2995
2025-01-05,950.0,5268
2025-01-06,977.0,4486
2025-01-07,974.6,2865
2025-01-08,978.0,5018
2025-01-09,975.0,3373
2025-01-12,956.0,1514
2025-01-13,941.5,8096
2025-01-15,944.5,5336
2025-01-16,935.0,5669
2025-01-19,949.0,3720
2025-01-20,958.9,5196
2025-01-21,1000.0,16835
2025-01-22,1030.2,10548
2025-01-23,1016.0,9766
2025-01-26,1014.9,8289
2025-01-27,990.0,5576
2025-01-28,998.9,4424
2025-02-02,1043.5,13726
2025-02-03,1045.5,32975
2025-02-04,1080.0,22429
2025-02-05,1076.1,7300
2025-02-06,1050.0,9543
2025-02-09,1030.0,7220
2025-02-10,1024.0,11043
2025-02-11,1032.8,8088
2025-02-12,1026.0,6031
2025-02-13,1022.0,5301
2025-02-16,1020.0,6378
2025-02-17,1058.8,12930
2025-02-18,1094.0,44072
2025-02-20,1068.0,15248
2025-02-23,1089.8,21179
2025-02-24,1068.0,18976
2025-02-25,1071.7,10693
2025-02-27,1073.9,8513
2025-03-02,1079.7,22939
2025-03-03,1130.0,57210
2025-03-04,1085.0,22719
2025-03-05,1068.1,11119
2025-03-06,1053.0,11469
2025-03-09,1025.0,12668
2025-03-10,1015.0,8929
2025-03-11,990.0,8293
2025-03-12,989.0,7508
2025-03-16,990.0,8009
2025-03-17,978.0,3090
2025-03-18,980.0,3094
2025-03-19,979.0,7744
2025-03-20,968.03,4793
2025-03-23,944.81,6855
2025-03-24,954.99,4589
2025-03-25,925.63,7546
2025-03-26,940.54,4925
2025-03-27,966.06,4596
2025-03-30,978.65,8746
2025-04-01,967.53,4913
2025-04-02,980.52,5832
2025-04-03,969.66,13260
2025-04-07,949.4,4914
2025-04-08,952.72,5223
2025-04-09,957.41,3547
2025-04-10,957.21,7214
2025-04-13,975.41,4822
2025-04-15,991.16,12422
2025-04-16,984.73,5114
2025-04-17,982.81,7450
2025-04-20,967.03,4498
2025-04-21,969.84,5409
2025-04-22,959.35,5093
2025-04-23,943.63,5003
2025-04-24,941.6,5451
2025-04-27,938.62,4398
2025-04-28,944.78,5317
2025-04-29,935.18,2880
2025-04-30,940.46,9788
2025-05-04,936.23,5018
2025-05-05,935.59,3686
2025-05-06,933.16,6698
2025-05-07,944.05,5134
2025-05-08,941.78,5110
2025-05-11,954.0,19060
2025-05-13,948.43,2390
2025-05-14,927.92,6070
2025-05-15,914.62,3357
2025-05-18,899.61,6049
2025-05-19,917.23,1696
2025-05-20,947.27,3392
2025-05-21,944.91,7575
2025-05-22,947.61,3270
2025-05-25,935.5,2387
2025-05-26,931.02,3383
2025-05-27,923.98,4538
2025-05-28,921.46,556
2025-06-02,919.44,2124
2025-06-03,916.41,1380
2025-06-04,912.86,2800
2025-06-05,898.25,2489
2025-06-08,880.52,5422
2025-06-09,894.56,2413
2025-06-10,899.39,1803
2025-06-11,885.77,3853
2025-06-12,879.73,2482
2025-06-15,885.68,2240
2025-06-16,880.57,4806
2025-06-17,871.04,3472
2025-06-18,873.56,3400
2025-06-19,871.44,2701
2025-06-22,862.18,1462
2025-06-23,851.33,3182
2025-06-24,857.87,1493
2025-06-25,850.72,2143
2025-06-26,851.07,3093
2025-06-29,848.66,2647
2025-06-30,861.72,1869
2025-07-01,869.23,2870
2025-07-02,881.64,1856
2025-07-03,894.53,5229
2025-07-06,929.14,9940
2025-07-07,910.14,3811
2025-07-08,894.55,4042
2025-07-09,907.56,2981
2025-07-10,919.42,7555
2025-07-13,920.54,5028
2025-07-14,910.57,3962
2025-07-15,907.69,5726
2025-07-16,922.39,6416
2025-07-17,947.87,7325
2025-07-20,948.02,12505
2025-07-21,947.65,5698
2025-07-22,985.41,11526
2025-07-23,1000.0,9546
2025-07-24,975.0,7219
2025-07-27,956.27,15194
2025-07-28,946.45,5033
2025-07-29,1022.78,31936
2025-07-30,980.9,15627
2025-07-31,963.5,8220
2025-08-03,939.35,7862
2025-08-04,927.65,4384
2025-08-05,913.08,5882
2025-08-06,903.85,7475
2025-08-07,919.8,6573
2025-08-11,905.1,4325
2025-08-12,907.94,2867
2025-08-13,898.52,9973
2025-08-14,903.05,2543
2025-08-17,891.92,3308
2025-08-18,890.77,2294
2025-08-19,892.61,1915
2025-08-20,888.57,2947
2025-08-21,886.54,3205
2025-08-24,890.0,1276
2025-08-25,891.75,795
2025-08-26,901.4,2870
2025-08-27,909.1,3014
2025-08-28,884.89,8371
2025-08-31,877.69,3502
2025-09-01,870.39,2224
2025-09-02,867.09,2523
2025-09-03,854.17,2199
2025-09-04,848.54,1942
2025-09-07,849.04,3005
2025-09-08,842.52,2816
2025-09-18,768.4,510
2025-09-21,811.27,6014
2025-09-23,861.0,1720
2025-09-24,849.9,1414
2025-09-25,840.0,724
2025-09-28,857.0,1046
2025-10-07,835.0,2233
2025-10-08,809.5,1512
2025-10-09,815.0,2333
2025-10-12,775.0,2497
2025-10-13,800.0,932
2025-10-14,785.0,1458
2025-10-15,760.0,900
2025-10-16,747.3,2026
2025-10-19,751.2,775
2025-10-26,766.0,1154
2025-10-28,800.0,1970
2025-10-29,790.0,1302
2025-10-30,799.8,1646
2025-11-02,810.5,1731
2025-11-03,812.0,482
2025-11-04,810.9,1582
2025-11-05,804.0,1478
2025-11-06,801.0,938
2025-11-09,790.0,1492
2025-11-10,781.0,990
2025-11-11,795.0,242
2025-11-12,788.0,1555
2025-11-13,779.2,710
2025-11-16,775.0,833
2025-11-17,780.0,745
2025-11-18,792.0,761
2025-11-19,790.0,1591
2025-11-20,830.2,7178
2025-11-23,836.0,1390
2025-11-24,840.0,1631
2025-11-25,823.3,2364
2025-11-26,819.0,1108
2025-11-27,839.0,3481
2025-11-30,824.0,1689
2025-12-01,824.1,1096
2025-12-02,819.1,2929
2025-12-03,820.0,4067
2025-12-07,821.2,2384
2025-12-08,810.0,490
2025-12-09,815.8,3945
2025-12-10,805.3,942
2025-12-11,800.0,1414
2025-12-14,799.0,1760
2025-12-15,797.9,1525
2025-12-16,800.0,1310
2025-12-17,807.9,3618
2025-12-18,792.1,2818
2025-12-21,785.0,2251
2025-12-22,778.5,4148
2025-12-23,787.0,2002
2025-12-24,776.0,1206
2025-12-28,786.0,2592
2025-12-29,795.0,2195
2025-12-31,810.1,4352
2026-01-01,810.0,7900
2026-01-04,832.0,8600
2026-01-05,885.0,24060
2026-01-06,865.0,6141
2026-01-07,848.0,6081
2026-01-08,831.1,4397
2026-01-12,841.9,4509
2026-01-13,859.9,6699
2026-01-14,850.0,6548
2026-01-18,864.9,5718
2026-01-20,869.0,10937
2026-01-21,860.0,3860
2026-01-22,874.0,6633
2026-01-25,960.0,27347
2026-01-26,1020.0,80780
2026-01-27,996.5,46583
2026-01-28,981.5,23405
2026-01-29,965.3,25751
2026-02-01,918.0,17013
2026-02-02,956.0,15662
2026-02-03,925.0,7895
2026-02-04,929.0,11480
2026-02-05,939.0,4344
2026-02-08,920.0,7133
2026-02-09,880.0,8353
2026-02-10,870.0,3727
2026-02-11,878.0,2268
2026-02-12,880.0,5637
2026-02-16,870.1,3510
2026-02-17,875.0,2921
2026-02-22,855.0,3411
2026-02-23,840.0,3480
2026-02-24,850.0,1291
2026-02-25,860.0,2976
2026-02-26,869.0,982
2026-03-01,865.2,2529
2026-03-03,888.5,2551
2026-03-09,958.8,85
2026-03-10,926.0,17795
2026-03-11,892.1,7651
2026-03-12,898.0,4109
2026-03-15,887.0,4970
2026-03-16,870.0,3673
2026-03-17,861.0,5271
2026-03-19,875.0,7820
2026-03-22,914.0,22945
2026-03-23,920.0,14329
2026-03-24,929.9,3141
2026-03-25,908.0,6003
2026-03-26,912.1,4065
2026-03-29,886.1,5296
2026-03-30,860.0,5472
2026-03-31,861.0,3766
2026-04-01,820.0,10461
2026-04-02,803.6,5062
2026-04-05,769.0,7315
2026-04-06,808.0,3754
2026-04-07,795.0,3741
2026-04-08,825.4,4071
2026-04-09,840.0,3119
2026-04-10,829.7,2416
2026-04-13,854.0,5651
2026-04-15,850.0,1790
2026-04-16,838.0,1799
2026-04-17,829.9,1061
2026-04-20,820.0,2850
2026-04-21,800.0,5135
2026-04-22,805.0,4918
2026-04-23,794.8,1349
2026-04-24,799.0,1822
2026-04-27,802.0,515
2026-04-28,792.0,1701
2026-04-29,788.0,2092
2026-04-30,793.9,1307
2026-05-04,793.0,561
2026-05-05,794.0,929
2026-05-06,784.1,360
2026-05-07,784.0,1990
2026-05-08,800.0,677
2026-05-11,811.0,1055
2026-05-12,792.0,1667
2026-05-13,785.0,1573
2026-05-14,786.0,645
2026-05-15,787.0,630
2026-05-18,799.9,249
2026-05-19,791.0,739
2026-05-20,800.0,1530
2026-05-21,787.0,1207
2026-05-22,804.0,1685
2026-05-25,818.9,1320
2026-05-26,810.2,895
2026-05-27,811.1,885
2026-06-01,792.0,2188
2026-06-02,785.0,2624
2026-06-03,794.1,1433
2026-06-04,793.0,781
2026-06-05,790.0,3205
2026-06-08,783.4,565
2026-06-09,781.3,1399
2026-06-10,793.0,1551
2026-06-11,793.0,2977
2026-06-12,791.9,429
2026-06-15,772.0,5167
2026-06-16,766.0,2604
2026-06-17,769.0,601
2026-06-18,770.3,2889
2026-06-19,768.4,1360
2026-06-22,770.0,900
2026-06-23,764.0,1372
2026-06-24,747.0,2695
2026-06-25,748.2,340
2026-06-26,746.0,660
2026-06-29,730.1,1943
2026-06-30,719.0,1919
2026-07-01,732.0,1320
2026-07-02,730.0,360
2026-07-03,727.1,1504
2026-07-06,721.0,659
2026-07-07,723.0,927
2026-07-08,713.4,2322
2026-07-09,723.5,1120
2026-07-10,706.5,2365
2026-07-13,695.0,2008
2026-07-14,705.0,420
2026-07-15,705.0,2274
2026-07-16,723.0,3898
2026-07-17,749.0,1592
2026-07-20,750.0,2744
2026-07-21,742.0,3496
2026-07-22,733.9,1771
2026-07-23,742.9,1960
2026-07-24,739.9,3403
2026-07-27,724.0,5747
2026-07-28,724.0,1274
2026-07-29,716.8,2927
2026-07-30,712.0,3359
2026-07-31,714.3,2000
2026-08-03,709.9,1543
2026-08-04,699.7,3204
2026-08-05,690.0,2631
2026-08-06,696.9,656
2026-08-07,688.0,4545
2026-08-10,693.6,1090
2026-08-11,687.0,2268
2026-08-12,690.0,1087
2026-08-13,690.0,740
2026-08-14,690.0,1256
2026-08-17,687.0,3194
2026-08-18,671.5,1168
2026-08-19,672.0,1250
2026-08-20,646.5,5613
2026-08-21,644.0,3662
2026-08-24,646.0,750
2026-08-25,631.0,4184
2026-08-26,615.0,3683
2026-08-27,603.0,2066
2026-08-31,581.0,1722
2026-09-01,595.0,1533
2026-09-02,606.0,691
2026-09-03,597.0,1160
2026-09-07,598.0,1723
2026-09-09,590.0,2522
2026-09-10,585.0,1873
2026-09-11,583.9,1819
2026-09-14,595.0,640
2026-09-15,620.9,4347
2026-09-16,590.1,3568
2026-09-17,610.0,1793
2026-09-18,616.0,3513
2026-09-22,612.9,430
2026-09-23,611.0,3149
2026-09-24,602.0,780
2026-09-28,595.9,3888
2026-09-29,586.0,2207
